source_id,company,title,published_at,url,body
samsung_q2_2026,삼성전자,"삼성전자, 2026년 2분기 실적 발표",2026-07-30,https://news.samsung.com/global/samsung-electronics-announces-second-quarter-2026-results,"삼성전자는 2026년 2분기 연결 매출 171조5천억원, 영업이익 89조5천억원을 기록했다. 매출과 영업이익 모두 분기 기준 최고치를 경신했으며, 전 분기 대비 매출은 28% 증가했다."
samsung_ds_q2_2026,삼성전자,"삼성전자 DS부문, AI 메모리 수요로 실적 확대",2026-07-30,https://news.samsung.com/global/samsung-electronics-announces-second-quarter-2026-results,"삼성전자 DS부문은 2026년 2분기 매출 127조5천억원, 영업이익 89조2천억원을 기록했다. 메모리 사업은 AI 수요에 대응해 서버 제품 중심 판매를 확대했고, 업계 전반의 가격 상승도 실적에 기여했다."
skhynix_q2_2026,SK하이닉스,"SK하이닉스, 2026년 2분기 사상 최대 실적",2026-07-29,https://news.skhynix.com/en/q2-2026-business-results/,"SK하이닉스는 2026년 2분기 매출 79조3187억원, 영업이익 60조5426억원을 발표했다. AI 수요에 대응한 고부가가치 제품 판매가 실적을 이끌었고, 주요 고객과 장기·다년 계약을 확대했다고 설명했다."
hyundai_q2_2026,현대차,"현대차, 2026년 2분기 매출 증가에도 영업이익 감소",2026-07-23,https://www.hyundai.com/worldwide/en/newsroom/detail/0000001234,"현대차의 2026년 2분기 매출은 49조2150억원으로 전년 동기 대비 1.9% 증가했다. 영업이익은 2조8510억원으로 20.8% 감소했고, 글로벌 판매량은 6.9% 줄었다."
hyundai_outlook_2026,현대차,"현대차, 하반기 신차 출시로 회복 추진",2026-07-23,https://www.reuters.com/business/media-telecom/hyundai-motor-reports-21-drop-q2-operating-profit-misses-forecasts-2026-07-23/,현대차는 2분기 영업이익이 감소했지만 연간 전망은 유지했다. 회사는 하반기 투싼과 아반떼 등 주요 신차 출시를 통해 판매 회복을 추진할 계획이라고 밝혔다.
samsungsdi_q2_2026,삼성SDI,"삼성SDI, 7개 분기 만에 영업이익 흑자 전환",2026-07-30,https://news.samsungsdi.com/global/press/view?seq=440,"삼성SDI는 2026년 2분기 매출 3조7700억원, 영업이익 2038억원을 기록했다. 매출은 전년 동기 대비 18.5%, 전 분기 대비 5.4% 증가했고, 영업이익은 7개 분기 만에 흑자로 전환했다."
naver_q1_2026,네이버,"네이버, 2026년 1분기 매출 16.3% 증가",2026-04-30,https://www.navercorp.com/en/media/pressReleasesDetail?seq=10034270,"네이버는 2026년 1분기 매출 3조2411억원, 영업이익 5418억원을 기록했다. 매출은 전년 동기 대비 16.3%, 영업이익은 7.2% 증가했으며 광고와 커머스 등 핵심 사업의 AI 적용이 성장에 기여했다."
naver_nvidia_2026,네이버,"엔비디아, 네이버 AI 인프라 프로젝트에 투자 추진",2026-07-27,https://www.wsj.com/tech/ai/nvidia-to-invest-1-billion-in-navers-ai-project-167e25de,"엔비디아는 네이버의 대규모 AI 데이터센터 프로젝트에 약 10억달러를 투자할 계획이다. 네이버는 엔비디아를 대상으로 약 1조4810억원 규모의 신주를 발행하며, 거래 완료 후 엔비디아의 지분율은 약 4.5%가 될 예정이다."
kb_h1_2026,KB금융,"KB금융, 2026년 상반기 순이익 증가",2026-07-23,https://www.kbfg.com/eng/ir/mgt-performance/list.jsp,KB금융은 2026년 상반기 실적 발표 자료를 공개했다. 외부 보도에 따르면 상반기 순이익은 3조8846억원으로 전년 동기 대비 13.1% 증가했다.
shinhan_q2_2026,신한금융,"신한금융, 2026년 2분기 분기 최대 순이익",2026-07-23,https://www.mk.co.kr/en/economy/12105372,신한금융의 2026년 2분기 순이익은 1조8201억원으로 전 분기 대비 12.2% 증가했다. 상반기 순이익은 3조4427억원으로 전년 동기 대비 13.3% 늘었다.
samsung_bio_q2_2026,삼성바이오로직스,"삼성바이오로직스, 2026년 2분기 실적 발표",2026-07-23,https://samsungbiologics.com/media/company-news/samsung-biologics-reports-second-quarter-2026-financial-results,"삼성바이오로직스는 2026년 2분기 매출 1조3210억원, 영업이익 5860억원을 기록했다. 1공장부터 4공장까지 안정적인 생산 운영과 고객 프로젝트 수행이 실적에 반영됐다."
samsung_bio_polypeptide_2026,삼성바이오로직스,"삼성바이오로직스, 스위스 폴리펩타이드 인수 추진",2026-07-20,https://www.reuters.com/legal/transactional/samsung-biologics-launch-18-billion-all-cash-bid-polypeptide-2026-07-20/,삼성바이오로직스는 스위스 의약품 위탁생산 기업 폴리펩타이드를 약 18억달러에 전액 현금으로 인수하는 공개매수를 추진했다. 회사는 펩타이드 치료제와 비만·당뇨 분야의 생산 역량 확대를 기대했다.
celltrion_q2_2026,셀트리온,"셀트리온, 2026년 2분기 분기 최대 매출",2026-07-27,https://www.celltrion.com/en-us/company/media-center/press-release/4865,"셀트리온은 2026년 2분기 매출 1조3937억원, 영업이익 4518억원을 기록했다. 매출은 전년 동기 대비 45%, 영업이익은 86.3% 증가했고, 고수익 신제품이 바이오의약품 매출의 65%를 차지했다."
hanwha_aero_q2_2026,한화에어로스페이스,"한화에어로스페이스, 2026년 2분기 이익 증가",2026-07-31,https://en.yna.co.kr/view/AEN20260731006600320,한화에어로스페이스는 2026년 2분기 순이익 1조800억원을 기록해 전년 동기 대비 277.5% 증가했다. 실적은 시장 예상치를 웃돌았다고 보도됐다.
hdhyundai_q2_2026,HD현대,"HD현대, 2026년 2분기 높은 영업이익 기록",2026-07-31,https://www.asiae.co.kr/en/article/2026073116261901526,"HD현대는 2026년 2분기 연결 매출 22조4094억원, 영업이익 4조1246억원을 기록했다. 영업이익률은 18.4%로 발표됐다."
hdhhi_q2_2026,HD현대중공업,"HD현대중공업, 2026년 2분기 영업이익 급증",2026-07-29,https://www.investing.com/news/company-news/hd-hyundai-heavy-q2-2026-slides-profit-surges-121-on-shipbuilding-93CH-4818726,HD현대중공업은 2026년 2분기 영업이익 1조399억원을 기록해 전년 동기 대비 120.6% 증가했다고 발표했다.
market_h2_rotation_2026,국내 증시,"2026년 하반기 국내 증시, 반도체 쏠림에서 업종 확산 가능성",2026-07-23,https://kbthink.com/investment/issues/korea-stock-market-outlook-2026-h2.html,"2026년 상반기 국내 증시는 반도체가 상승을 주도했지만 하반기에는 전력기기, 조선·방산, 바이오, 화장품, 금융 등으로 관심이 확산될 가능성이 제시됐다. 주요 변수로 AI 설비투자, 미국 금리, 기업 실적과 중국 메모리 업체의 추격이 언급됐다."
kosdaq_rotation_2026,국내 증시,"코스닥, 2차전지·바이오 순환매로 급등",2026-06-29,https://www.newspim.com/news/view/20260629001225,"2026년 6월 29일 코스피는 외국인의 대규모 매도 속에 0.2% 하락했고, 코스닥은 2차전지와 바이오주 강세로 8.13% 상승했다. 장중 코스닥 매수 사이드카가 발동됐다."
july_rotation_2026,국내 증시,"7월 국내 증시, 소외 업종으로 자금 이동 가능성",2026-07-01,https://dealsitetv.com/articles/172684,"7월에는 상반기 주도주였던 반도체에서 자동차, 2차전지, 바이오 등 상대적으로 소외됐던 업종으로 자금이 이동할 수 있다는 전망이 나왔다. 반도체 조정이 곧 업황 훼손을 의미하는 것은 아니라는 분석도 제시됐다."
samsung_sdi_ess_2026,삼성SDI,"삼성SDI, 미국 ESS용 각형 배터리 공급 계약",2026-03-16,https://www.samsungsdi.com/sdi-now/sdi-news/list.html,삼성SDI는 미국에서 1조5000억원 규모의 ESS용 각형 배터리 공급 계약을 수주했다고 발표했다.
samsung_ai_ssd_2026,삼성전자,"삼성전자, AI 인프라용 PM1763 SSD 양산 시작",2026-07-08,https://news.samsung.com/global/category/products/semiconductors,삼성전자는 차세대 AI 인프라에 최적화한 PM1763 SSD의 양산을 시작했다고 발표했다.
